USE leetcode;

DROP TABLE IF EXISTS Movies;
DROP TABLE IF EXISTS Users;
DROP TABLE IF EXISTS MovieRating;

Create table If Not Exists Movies (movie_id int, title varchar(30));
Create table If Not Exists Users (user_id int, name varchar(30));
Create table If Not Exists MovieRating (movie_id int, user_id int, rating int, created_at date);
Truncate table Movies;
insert into Movies (movie_id, title) values ('1', 'Avengers');
insert into Movies (movie_id, title) values ('2', 'Frozen 2');
insert into Movies (movie_id, title) values ('3', 'Joker');
Truncate table Users;
insert into Users (user_id, name) values ('1', 'Daniel');
insert into Users (user_id, name) values ('2', 'Monica');
insert into Users (user_id, name) values ('3', 'Maria');
insert into Users (user_id, name) values ('4', 'James');
Truncate table MovieRating;
insert into MovieRating (movie_id, user_id, rating, created_at) values ('1', '1', '3', '2020-01-12');
insert into MovieRating (movie_id, user_id, rating, created_at) values ('1', '2', '4', '2020-02-11');
insert into MovieRating (movie_id, user_id, rating, created_at) values ('1', '3', '2', '2020-02-12');
insert into MovieRating (movie_id, user_id, rating, created_at) values ('1', '4', '1', '2020-01-01');
insert into MovieRating (movie_id, user_id, rating, created_at) values ('2', '1', '5', '2020-02-17');
insert into MovieRating (movie_id, user_id, rating, created_at) values ('2', '2', '2', '2020-02-01');
insert into MovieRating (movie_id, user_id, rating, created_at) values ('2', '3', '2', '2020-03-01');
insert into MovieRating (movie_id, user_id, rating, created_at) values ('3', '1', '3', '2020-02-22');
insert into MovieRating (movie_id, user_id, rating, created_at) values ('3', '2', '4', '2020-02-25');


WITH a AS (
	SELECT users.name
	FROM movierating
	JOIN users
	ON movierating.user_id = users.user_id 
	GROUP BY users.user_id,
		     users.name 
	ORDER BY count(*) DESC,
			 users.name
	LIMIT 1
), b AS (
	SELECT movies.title
	FROM movierating
	JOIN movies
	ON movierating.movie_id = movies.movie_id
	WHERE movierating.created_at BETWEEN '2020-02-01' AND '2020-02-29'
	GROUP BY movies.movie_id,
			 movies.title
	ORDER BY avg(rating) DESC,
			 movies.title
	LIMIT 1
)
SELECT name AS results
FROM a
UNION ALL # 不去除重複值 (UNION 會去除重複值)
SELECT title results
FROM b;
















